{


  "Routes": [
    {
      "AuthenticationOptions": {
        "AuthenticationProviderKey": "Bearer",
        "AllowedScopes": []
      },
      "UpstreamPathTemplate": "/GetDocuments",
      "DownstreamPathTemplate": "/api/GetDocuments",
      "DownstreamScheme": "https",
      "UpstreamHttpMethod": [ "Post" ], //si se deja vacio el array. Indica que acepta todos los verbos
      "DownstreamHostAndPorts": [
        {
          "Host": "func-diaco-document-release.azurewebsites.net",
          "Port": 443

        }
      ],
      "Key": "documents",
      "RateLimitOptions": {
        "ClientWhitelist": [],
        "EnableRateLimiting": true,
        "Period": "3s",
        "PeriodTimespan": 5,
        "Limit": 3
      }
    },
    {
      "AuthenticationOptions": {
        "AuthenticationProviderKey": "Bearer",
        "AllowedScopes": []
      },
      "UpstreamPathTemplate": "/ChangeSpecificStateDocuments",
      "DownstreamPathTemplate": "/api/ChangeSpecificStateDocuments",
      "DownstreamScheme": "https",
      "UpstreamHttpMethod": [ "Post" ], //si se deja vacio el array. Indica que acepta todos los verbos
      "DownstreamHostAndPorts": [
        {
          "Host": "func-diaco-document-release.azurewebsites.net",
          "Port": 443

        }
      ],
      "Key": "documents",
      "RateLimitOptions": {
        "ClientWhitelist": [],
        "EnableRateLimiting": true,
        "Period": "3s",
        "PeriodTimespan": 5,
        "Limit": 3
      }
    },
    {
      "AuthenticationOptions": {
        "AuthenticationProviderKey": "Bearer",
        "AllowedScopes": []
      },
      "UpstreamPathTemplate": "/ChangeStateDocuments",
      "DownstreamPathTemplate": "/api/ChangeStateDocuments",
      "DownstreamScheme": "https",
      "UpstreamHttpMethod": [ "Post" ], //si se deja vacio el array. Indica que acepta todos los verbos
      "DownstreamHostAndPorts": [
        {
          "Host": "func-diaco-document-release.azurewebsites.net",
          "Port": 443

        }
      ],
      "Key": "documents",
      "RateLimitOptions": {
        "ClientWhitelist": [],
        "EnableRateLimiting": true,
        "Period": "3s",
        "PeriodTimespan": 5,
        "Limit": 3
      }
    },
    {
      "AuthenticationOptions": {
        "AuthenticationProviderKey": "Bearer",
        "AllowedScopes": []
      },
      "UpstreamPathTemplate": "/GetDocumentMultipleFilePdf",
      "DownstreamPathTemplate": "/api/GetDocumentMultipleFilePdf",
      "DownstreamScheme": "https",
      "UpstreamHttpMethod": [ "Get" ], //si se deja vacio el array. Indica que acepta todos los verbos
      "DownstreamHostAndPorts": [
        {
          "Host": "func-diaco-document-release.azurewebsites.net",
          "Port": 443

        }
      ],
      "Key": "documents",
      "RateLimitOptions": {
        "ClientWhitelist": [],
        "EnableRateLimiting": true,
        "Period": "3s",
        "PeriodTimespan": 5,
        "Limit": 3
      }
    },
    {
      "AuthenticationOptions": {
        "AuthenticationProviderKey": "Bearer",
        "AllowedScopes": []
      },
      "UpstreamPathTemplate": "/GetDocumentMultipleFileXML",
      "DownstreamPathTemplate": "/api/GetDocumentMultipleFileXML",
      "DownstreamScheme": "https",
      "UpstreamHttpMethod": [ "Get" ], //si se deja vacio el array. Indica que acepta todos los verbos
      "DownstreamHostAndPorts": [
        {
          "Host": "func-diaco-document-release.azurewebsites.net",
          "Port": 443

        }
      ],
      "Key": "documents",
      "RateLimitOptions": {
        "ClientWhitelist": [],
        "EnableRateLimiting": true,
        "Period": "3s",
        "PeriodTimespan": 5,
        "Limit": 3
      }
    },
    {
      "AuthenticationOptions": {
        "AuthenticationProviderKey": "Bearer",
        "AllowedScopes": []
      },
      "UpstreamPathTemplate": "/GetDocumentSingleFilePdf",
      "DownstreamPathTemplate": "/api/GetDocumentSingleFilePdf",
      "DownstreamScheme": "https",
      "UpstreamHttpMethod": [ "Get" ], //si se deja vacio el array. Indica que acepta todos los verbos
      "DownstreamHostAndPorts": [
        {
          "Host": "func-diaco-document-release.azurewebsites.net",
          "Port": 443

        }
      ],
      "Key": "documents",
      "RateLimitOptions": {
        "ClientWhitelist": [],
        "EnableRateLimiting": true,
        "Period": "3s",
        "PeriodTimespan": 5,
        "Limit": 3
      }
    },
    {
      "AuthenticationOptions": {
        "AuthenticationProviderKey": "Bearer",
        "AllowedScopes": []
      },
      "UpstreamPathTemplate": "/GetDocumentSingleFileXML",
      "DownstreamPathTemplate": "/api/GetDocumentSingleFileXML",
      "DownstreamScheme": "https",
      "UpstreamHttpMethod": [ "Get" ], //si se deja vacio el array. Indica que acepta todos los verbos
      "DownstreamHostAndPorts": [
        {
          "Host": "func-diaco-document-release.azurewebsites.net",
          "Port": 443

        }
      ],
      "Key": "documents",
      "RateLimitOptions": {
        "ClientWhitelist": [],
        "EnableRateLimiting": true,
        "Period": "3s",
        "PeriodTimespan": 5,
        "Limit": 3
      }
    }
  ],
  "Timeouts": {
    "DangerousAcceptAnyServerCertificateValidator": true,
    "TimeoutValue": 90
  },
  "GlobalConfiguration": {

  }
}

